conv_layer_no,pred_len,sigma,mae,mse
0,48,0.2,0.18982492,0.06398063
1,48,0.2,0.1879137605428695,0.0632653906941413
2,48,0.2,0.1890100389719009,0.0638721138238906
3,48,0.2,0.1921935975551605,0.0654797777533531
0,48,2.0,0.1897875070571899,0.0639488399028778
1,48,2.0,0.172114297747612,0.0548700280487537
2,48,2.0,0.2228108793497085,0.086071491241455
3,48,2.0,0.28093481063842773,0.12153258919715881
