conv_layer_no,pred_len,sigma,mae,mse
0,48,0.2,0.19008428,0.06327071
1,48,0.2,0.1751800179481506,0.0557631365954875
2,48,0.2,0.1931604892015457,0.0654003918170929
3,48,0.2,0.1929233521223068,0.0641380697488784
0,48,2.0,0.1895037740468979,0.0634649693965911
1,48,2.0,0.160201147198677,0.0451883822679519
2,48,2.0,0.2002989798784256,0.0718899071216583
3,48,2.0,0.237330362200737,0.0934857502579689
