conv_layer_no,pred_len,sigma,mae,mse
0,48,0.2,0.17124388,0.047124837
1,48,0.2,0.1709457337856292,0.0469976961612701
2,48,0.2,0.1708383560180664,0.0469982102513313
3,48,0.2,0.1707869619131088,0.0469500236213207
0,48,2.0,0.1712438762187957,0.0471248365938663
1,48,2.0,0.1544575989246368,0.0414275266230106
2,48,2.0,0.1607291400432586,0.0457097217440605
3,48,2.0,0.1643286645412445,0.04719557985663414
